Company Name,Ticker,Market Cap ,Sector,Exchange
"Abeona Therapeutics Inc.","ABEO","310.2","Medical","NSDQ"
"ARCA biopharma, Inc.","ABIO","6.37","Medical","NSDQ"
"ABIOMED, Inc.","ABMD","15897.32","Medical","NSDQ"
"Arbutus Biopharma Corporation","ABUS","210.26","Medical","NSDQ"
"ACADIA Pharmaceuticals Inc.","ACAD","2867.97","Medical","NSDQ"
"Opexa Therapeutics, Inc.","ACER","229.47","Medical","NSDQ"
"Aceto Corporation","ACET","7.86","Medical","NSDQ"
"Acadia Healthcare Company, Inc.","ACHC","2444.69","Medical","NSDQ"
"Achillion Pharmaceuticals, Inc.","ACHN","346.54","Medical","NSDQ"
"OncoGenex Pharmaceuticals Inc.","ACHV","22.18","Medical","NSDQ"
"AC Immune  SA","ACIU","286.5","Medical","NSDQ"
"Acorda Therapeutics, Inc.","ACOR","614.92","Medical","NSDQ"
"Aclaris Therapeutics, Inc.","ACRS","275.91","Medical","NSDQ"
"AcelRx Pharmaceuticals, Inc.","ACRX","198.1","Medical","NSDQ"
"Acasti Pharma, Inc.","ACST","78.91","Medical","NSDQ"
"Adaptimmune Therapeutics PLC","ADAP","431.48","Medical","NSDQ"
"Adial Pharmaceuticals, Inc.","ADIL","27.69","Medical","NSDQ"
"ADMA Biologics Inc","ADMA","201.63","Medical","NSDQ"
"Adamis Pharmaceuticals Corporation","ADMP","149.91","Medical","NSDQ"
"Adamas Pharmaceuticals, Inc.","ADMS","303.7","Medical","NSDQ"
"Aduro Biotech, Inc.","ADRO","324.76","Medical","NSDQ"
"Addus HomeCare Corporation","ADUS","908.35","Medical","NSDQ"
"Adverum Biotechnologies, Inc.","ADVM","232.61","Medical","NSDQ"
"Advaxis, Inc.","ADXS","25.33","Medical","NSDQ"
"Aethlon Medical, Inc.","AEMD","19.15","Medical","NSDQ"
"Aerie Pharmaceuticals, Inc.","AERI","1819.98","Medical","NSDQ"
"AEterna Zentaris Inc.","AEZS","67.9","Medical","NSDQ"
"Affimed N.V.","AFMD","211.5","Medical","NSDQ"
"Agenus Inc.","AGEN","346.79","Medical","NSDQ"
"Agios Pharmaceuticals, Inc.","AGIO","3437.13","Medical","NSDQ"
"Aeglea BioTherapeutics, Inc.","AGLE","197.69","Medical","NSDQ"
"Agile Therapeutics, Inc.","AGRX","31.5","Medical","NSDQ"
"Applied Genetic Technologies Corporation","AGTC","61.76","Medical","NSDQ"
"Allied Healthcare Products, Inc.","AHPI","7.79","Medical","NSDQ"
"Aimmune Therapeutics, Inc.","AIMT","1393.1","Medical","NSDQ"
"PRECISION THERAPEUTICS INC.","AIPT","12.62","Medical","NSDQ"
"Achaogen, Inc.","AKAO","37.6","Medical","NSDQ"
"Akebia Therapeutics, Inc.","AKBA","417.67","Medical","NSDQ"
"Akcea Therapeutics, Inc.","AKCA","2440.34","Medical","NSDQ"
"Akers Biosciences Inc","AKER","12.32","Medical","NSDQ"
"Akorn, Inc.","AKRX","527.07","Medical","NSDQ"
"Akari Therapeutics PLC","AKTX","27.46","Medical","NSDQ"
"Albireo Pharma, Inc.","ALBO","316.85","Medical","NSDQ"
"Alder BioPharmaceuticals, Inc.","ALDR","980.49","Medical","NSDQ"
"Aldeyra Therapeutics, Inc.","ALDX","204.97","Medical","NSDQ"
"ALECTOR INC","ALEC","1538.21","Medical","NSDQ"
"Align Technology, Inc.","ALGN","20315.14","Medical","NSDQ"
"Alimera Sciences, Inc.","ALIM","74.28","Medical","NSDQ"
"Alkermes plc","ALKS","5216.38","Medical","NSDQ"
"Allakos Inc.","ALLK","1586.82","Medical","NSDQ"
"Allogene Therapeutics, Inc.","ALLO","3774.48","Medical","NSDQ"
"Allena Pharmaceuticals, Inc.","ALNA","136.81","Medical","NSDQ"
"Alnylam Pharmaceuticals, Inc.","ALNY","8307.25","Medical","NSDQ"
"Nivalis Therapeutics, Inc.","ALPN","91.94","Medical","NSDQ"
"Alliqua BioMedical, Inc.","ALQA","11.06","Medical","NSDQ"
"Aileron Therapeutics, Inc.","ALRN","23.74","Medical","NSDQ"
"PharmAthene, Inc","ALT","24.6","Medical","NSDQ"
"Alexion Pharmaceuticals, Inc.","ALXN","28990.63","Medical","NSDQ"
"AMAG Pharmaceuticals, Inc.","AMAG","535.65","Medical","NSDQ"
"Amedisys, Inc.","AMED","4108.58","Medical","NSDQ"
"Apollo Medical Holdings, Inc.","AMEH","681.36","Medical","NSDQ"
"Amgen Inc.","AMGN","116677.13","Medical","NSDQ"
"Amphastar Pharmaceuticals, Inc.","AMPH","1112.81","Medical","NSDQ"
"Amarin Corporation PLC","AMRN","6416.34","Medical","NSDQ"
"AnaptysBio, Inc.","ANAB","1802.82","Medical","NSDQ"
"ANCHIANO THERAP","ANCN","67.23","Medical","NSDQ"
"AngioDynamics, Inc.","ANGO","854.15","Medical","NSDQ"
"Anika Therapeutics Inc.","ANIK","482.32","Medical","NSDQ"
"ANI Pharmaceuticals, Inc.","ANIP","715.63","Medical","NSDQ"
"ANIXA BIOSCIENCES INC","ANIX","104.37","Medical","NSDQ"
"Apollo Endosurgery, Inc.","APEN","76.85","Medical","NSDQ"
"Apellis Pharmaceuticals, Inc.","APLS","799.78","Medical","NSDQ"
"Aptorum Group Limited","APM","427.54","Medical","NSDQ"
"Cellect Biotechnology Ltd.","APOP","6.2","Medical","NSDQ"
"Aptose Biosciences, Inc.","APTO","75.17","Medical","NSDQ"
"Aptinyx Inc.","APTX","200.98","Medical","NSDQ"
"Aptevo Therapeutics Inc.","APVO","37.41","Medical","NSDQ"
"Bovie Medical Corporation","APYX","222.47","Medical","NSDQ"
"AquaBounty Technologies, Inc.","AQB","40.16","Medical","NSDQ"
"Aquestive Therapeutics, Inc.","AQST","161.62","Medical","NSDQ"
"Aquinox Pharmaceuticals, Inc.","AQXP","60.14","Medical","NSDQ"
"ARAVIVE, INC","ARAV","59.82","Medical","NSDQ"
"Accuray Incorporated","ARAY","464.01","Medical","NSDQ"
"Alcobra Ltd.","ARCT","52.32","Medical","NSDQ"
"Aridis Pharmaceuticals Inc.","ARDS","70.51","Medical","NSDQ"
"Ardelyx, Inc.","ARDX","168.39","Medical","NSDQ"
"ARGENX SE-ADR","ARGX","4083.47","Medical","NSDQ"
"Arena Pharmaceuticals, Inc.","ARNA","2483.64","Medical","NSDQ"
"Aerpio Pharmaceuticals, Inc.","ARPO","115.68","Medical","NSDQ"
"ArQule, Inc.","ARQL","364.04","Medical","NSDQ"
"Array BioPharma Inc.","ARRY","5071.29","Medical","NSDQ"
"Arvinas, Inc.","ARVN","622.76","Medical","NSDQ"
"Arrowhead Pharmaceuticals, Inc.","ARWR","1733.41","Medical","NSDQ"
"ASLAN Pharmaceuticals Ltd.","ASLN","99.92","Medical","NSDQ"
"Assembly Biosciences, Inc.","ASMB","543.89","Medical","NSDQ"
"Ascendis Pharma A/S","ASND","3025.96","Medical","NSDQ"
"Arsanis, Inc.","ASNS","38.08","Medical","NSDQ"
"ASSERTIO THERAPEUTICS, INC","ASRT","272.38","Medical","NSDQ"
"Alphatec Holdings, Inc.","ATEC","63.09","Medical","NSDQ"
"Athersys, Inc.","ATHX","214.04","Medical","NSDQ"
"Athenex, Inc.","ATNX","877.65","Medical","NSDQ"
"Atossa Genetics Inc.","ATOS","8.58","Medical","NSDQ"
"Atara Biotherapeutics, Inc.","ATRA","1761.1","Medical","NSDQ"
"AtriCure, Inc.","ATRC","1279.1","Medical","NSDQ"
"Atrion Corporation","ATRI","1480","Medical","NSDQ"
"Antares Pharma, Inc.","ATRS","507.28","Medical","NSDQ"
"Avenue Therapeutics, Inc.","ATXI","58.99","Medical","NSDQ"
"Aurinia Pharmaceuticals Inc","AUPH","529.24","Medical","NSDQ"
"Autolus Therapeutics PLC Sponsored ADR","AUTL","1159.82","Medical","NSDQ"
"Avadel Pharmaceuticals PLC.","AVDL","75.87","Medical","NSDQ"
"AVEDRO INC","AVDR","218.72","Medical","NSDQ"
"AVEO Pharmaceuticals, Inc.","AVEO","78.34","Medical","NSDQ"
"Avinger, Inc.","AVGR","10.12","Medical","NSDQ"
"AVROBIO, Inc.","AVRO","334.43","Medical","NSDQ"
"Anavex Life Sciences Corp.","AVXL","113.94","Medical","NSDQ"
"Accelerate Diagnostics, Inc.","AXDX","1181.54","Medical","NSDQ"
"AxoGen, Inc.","AXGN","688.28","Medical","NSDQ"
"Axovant Sciences Ltd.","AXGT","202.19","Medical","NSDQ"
"Axonics Modulation Technologies, Inc.","AXNX","597.81","Medical","NSDQ"
"Axsome Therapeutics, Inc.","AXSM","268.62","Medical","NSDQ"
"Aytu Bioscience, Inc.","AYTU","14.57","Medical","NSDQ"
"AZURRX BIOPHARM","AZRX","36.25","Medical","NSDQ"
"Natus Medical Incorporated","BABY","954.62","Medical","NSDQ"
"Bioanalytical Systems, Inc.","BASI","15.43","Medical","NSDQ"
"Brainstorm Cell Therapeutics Inc.","BCLI","83.04","Medical","NSDQ"
"BioCryst Pharmaceuticals, Inc.","BCRX","986.77","Medical","NSDQ"
"BioDelivery Sciences International, Inc.","BDSI","354.05","Medical","NSDQ"
"BioTelemetry, Inc.","BEAT","2212.32","Medical","NSDQ"
"Biofrontera AG Sponsored ADR","BFRA","282.07","Medical","NSDQ"
"BeiGene, Ltd.","BGNE","8185.92","Medical","NSDQ"
"Biogen Inc.","BIIB","63995.34","Medical","NSDQ"
"Biocept, Inc.","BIOC","2.27","Medical","NSDQ"
"Biolase, Inc.","BIOL","46.68","Medical","NSDQ"
"BioScrip, Inc.","BIOS","440.46","Medical","NSDQ"
"Bellicum Pharmaceuticals, Inc.","BLCM","138.76","Medical","NSDQ"
"BioLife Solutions, Inc.","BLFS","333.92","Medical","NSDQ"
"Bellerophon Therapeutics, Inc.","BLPH","46.17","Medical","NSDQ"
"BioLineRx Ltd.","BLRX","44.18","Medical","NSDQ"
"bluebird bio, Inc.","BLUE","7182.42","Medical","NSDQ"
"Biomerica, Inc.","BMRA","23.79","Medical","NSDQ"
"BioMarin Pharmaceutical Inc.","BMRN","15646.31","Medical","NSDQ"
"Bionano Genomics, Inc.","BNGO","39.93","Medical","NSDQ"
"Benitec Biopharma Limited","BNTC","18.2","Medical","NSDQ"
"Audentes Therapeutics, Inc.","BOLD","1121.47","Medical","NSDQ"
"Blueprint Medicines Corporation","BPMC","3260","Medical","NSDQ"
"Bio-Path Holdings, Inc.","BPTH","1.5","Medical","NSDQ"
"Biosig Technologies, Inc.","BSGM","89.82","Medical","NSDQ"
"BioSpecifics Technologies Corp","BSTC","516.53","Medical","NSDQ"
"BioXcel Therapeutics, Inc.","BTAI","127.2","Medical","NSDQ"
"BiondVax Pharmaceuticals Ltd.","BVXV","33.13","Medical","NSDQ"
"BeyondSpring Inc.","BYSI","405.19","Medical","NSDQ"
"Calithera Biosciences, Inc.","CALA","216.17","Medical","NSDQ"
"Capricor Therapeutics, Inc.","CAPR","12.99","Medical","NSDQ"
"Cara Therapeutics, Inc.","CARA","665.97","Medical","NSDQ"
"CASI Pharmaceuticals, Inc.","CASI","345.89","Medical","NSDQ"
"CAS Medical Systems, Inc.","CASM","69.84","Medical","NSDQ"
"Catabasis Pharmaceuticals, Inc.","CATB","35","Medical","NSDQ"
"Catasys Inc.","CATS","175.72","Medical","NSDQ"
"CymaBay Therapeutics Inc.","CBAY","674.04","Medical","NSDQ"
"Catalyst Biosciences, Inc.","CBIO","99.89","Medical","NSDQ"
"Cleveland BioLabs, Inc.","CBLI","15.03","Medical","NSDQ"
"Cellular Biomedicine Group, Inc.","CBMG","324.37","Medical","NSDQ"
"China Biologic Products, Inc.","CBPO","2677.15","Medical","NSDQ"
"ChemoCentryx, Inc.","CCXI","567.91","Medical","NSDQ"
"Peregrine Pharmaceuticals Inc.","CDMO","229.32","Medical","NSDQ"
"CareDx, Inc.","CDNA","1151.5","Medical","NSDQ"
"Cidara Therapeutics, Inc.","CDTX","76.32","Medical","NSDQ"
"ChromaDex Corporation","CDXC","211.59","Medical","NSDQ"
"Codexis, Inc.","CDXS","1181.33","Medical","NSDQ"
"Celcuity, Inc.","CELC","241.28","Medical","NSDQ"
"Celgene Corporation","CELG","62489.37","Medical","NSDQ"
"Chembio Diagnostics, Inc.","CEMI","119.45","Medical","NSDQ"
"Cerecor Inc.","CERC","216.67","Medical","NSDQ"
"Cerner Corporation","CERN","18725.36","Medical","NSDQ"
"Cerus Corporation","CERS","895.55","Medical","NSDQ"
"ConforMIS, Inc.","CFMS","86.68","Medical","NSDQ"
"ContraFect Corporation","CFRX","36.53","Medical","NSDQ"
"Compugen Ltd.","CGEN","192.35","Medical","NSDQ"
"Cancer Genetics, Inc.","CGIX","6.93","Medical","NSDQ"
"Sunshine Heart Inc","CHFS","4.57","Medical","NSDQ"
"Chiasma, Inc.","CHMA","97.48","Medical","NSDQ"
"Coherus BioSciences, Inc.","CHRS","1002.69","Medical","NSDQ"
"Checkpoint Therapeutics, Inc.","CKPT","99.07","Medical","NSDQ"
"Caladrius Biosciences, Inc.","CLBS","41.34","Medical","NSDQ"
"Celldex Therapeutics, Inc.","CLDX","68.1","Medical","NSDQ"
"CollPlant Holdings Ltd. Sponsored ADR","CLGN","19.17","Medical","NSDQ"
"Cellectis S.A.","CLLS","712.69","Medical","NSDQ"
"Cellectar Biosciences, Inc.","CLRB","9.75","Medical","NSDQ"
"Clearside Biomedical, Inc.","CLSD","47.72","Medical","NSDQ"
"Celsion Corporation","CLSN","41.21","Medical","NSDQ"
"Clovis Oncology, Inc.","CLVS","1334.67","Medical","NSDQ"
"Chimerix, Inc.","CMRX","97.39","Medical","NSDQ"
"Clementia Pharmaceuticals Inc.","CMTA","473.87","Medical","NSDQ"
"Conatus Pharmaceuticals Inc.","CNAT","56.89","Medical","NSDQ"
"Concert Pharmaceuticals, Inc.","CNCE","341.13","Medical","NSDQ"
"CONMED Corporation","CNMD","2131.33","Medical","NSDQ"
"Constellation Pharmaceuticals, Inc.","CNST","245.22","Medical","NSDQ"
"Cocrystal Pharma, Inc.","COCP","82.29","Medical","NSDQ"
"Collegium Pharmaceutical, Inc.","COLL","515.66","Medical","NSDQ"
"Corcept Therapeutics Incorporated","CORT","1316.38","Medical","NSDQ"
"Cardiome Pharma Corporation","CORV","125.84","Medical","NSDQ"
"Cumberland Pharmaceuticals Inc.","CPIX","85.71","Medical","NSDQ"
"Catalyst Pharmaceuticals, Inc.","CPRX","298.97","Medical","NSDQ"
"Computer Programs and Systems, Inc.","CPSI","467.94","Medical","NSDQ"
"Corbus Pharmaceuticals Holdings, Inc.","CRBP","491.18","Medical","NSDQ"
"Curis, Inc.","CRIS","36.09","Medical","NSDQ"
"Crinetics Pharmaceuticals, Inc.","CRNX","551.89","Medical","NSDQ"
"CRISPR Therapeutics AG","CRSP","1643.58","Medical","NSDQ"
"Corvus Pharmaceuticals, Inc.","CRVS","121.23","Medical","NSDQ"
"Champions Oncology, Inc.","CSBR","101.55","Medical","NSDQ"
"Cardiovascular Systems, Inc.","CSII","1224.72","Medical","NSDQ"
"CTI BioPharma Corp.","CTIC","53.41","Medical","NSDQ"
"CytomX Therapeutics, Inc.","CTMX","809.68","Medical","NSDQ"
"ContraVir Pharmaceuticals Inc","CTRV","3.82","Medical","NSDQ"
"Cytosorbents Corporation","CTSO","266.83","Medical","NSDQ"
"Citius Pharmaceuticals, Inc.","CTXR","20.5","Medical","NSDQ"
"Cue Biopharma, Inc.","CUE","128.94","Medical","NSDQ"
"Neuralstem, Inc.","CUR","9.43","Medical","NSDQ"
"Cohbar Inc.","CWBR","140.44","Medical","NSDQ"
"Celyad SA","CYAD","198.59","Medical","NSDQ"
"Cyanotech Corporation","CYAN","21.42","Medical","NSDQ"
"Cyclacel Pharmaceuticals, Inc.","CYCC","10.25","Medical","NSDQ"
"Cytokinetics, Incorporated","CYTK","398.3","Medical","NSDQ"
"CytRx Corporation","CYTR","20.15","Medical","NSDQ"
"Cytori Therapeutics Inc","CYTX","3.3","Medical","NSDQ"
"Dare Bioscience, Inc.","DARE","9.65","Medical","NSDQ"
"DBV Technologies S.A.","DBVT","463.01","Medical","NSDQ"
"Deciphera Pharmaceuticals, Inc.","DCPH","1039.82","Medical","NSDQ"
"Dermira, Inc.","DERM","337.39","Medical","NSDQ"
"RestorGenex Corp.","DFFN","10.37","Medical","NSDQ"
"DiaMedica Therapeutics, Inc.","DMAC","42.8","Medical","NSDQ"
"DelMar Pharmaceuticals, Inc.","DMPI","8.49","Medical","NSDQ"
"Denali Therapeutics Inc.","DNLI","2039.68","Medical","NSDQ"
"Dova Pharmaceuticals, Inc.","DOVA","222.25","Medical","NSDQ"
"Digirad Corporation","DRAD","14.71","Medical","NSDQ"
"DarioHealth Corp.","DRIO","25.17","Medical","NSDQ"
"Dicerna Pharmaceuticals, Inc.","DRNA","659.31","Medical","NSDQ"
"DURECT Corporation","DRRX","127.27","Medical","NSDQ"
"Dynavax Technologies Corporation","DVAX","656.37","Medical","NSDQ"
"Diversicare Healthcare Services Inc.","DVCR","22.84","Medical","NSDQ"
"DexCom, Inc.","DXCM","12159.19","Medical","NSDQ"
"Dynatronics Corporation","DYNT","17.6","Medical","NSDQ"
"Auris Medical Holding AG","EARS","13.5","Medical","NSDQ"
"electroCore, Inc.","ECOR","255","Medical","NSDQ"
"EDAP TMS S.A.","EDAP","81.19","Medical","NSDQ"
"Edge Therapeutics, Inc.","EDGE","12.69","Medical","NSDQ"
"Editas Medicine, Inc.","EDIT","949.98","Medical","NSDQ"
"Eagle Pharmaceuticals, Inc.","EGRX","689.43","Medical","NSDQ"
"Eidos Therapeutics, Inc.","EIDX","625.8","Medical","NSDQ"
"Eiger BioPharmaceuticals, Inc.","EIGR","251.67","Medical","NSDQ"
"Ekso Bionics Holdings, Inc.","EKSO","131.55","Medical","NSDQ"
"Endologix, Inc.","ELGX","56.48","Medical","NSDQ"
"Senesco Technologies Inc.","ELOX","471.73","Medical","NSDQ"
"Endo International plc","ENDP","2357.87","Medical","NSDQ"
"Enochian BioSciences Inc.","ENOB","297.9","Medical","NSDQ"
"The Ensign Group, Inc.","ENSG","2845.06","Medical","NSDQ"
"Enanta Pharmaceuticals, Inc.","ENTA","1937.2","Medical","NSDQ"
"Entera Bio Ltd.","ENTX","51.88","Medical","NSDQ"
"Evolus, Inc.","EOLS","672.33","Medical","NSDQ"
"ESSA Pharma Inc.","EPIX","23.88","Medical","NSDQ"
"Epizyme, Inc.","EPZM","938.14","Medical","NSDQ"
"Equillium, Inc.","EQ","104.26","Medical","NSDQ"
"Erytech Pharma SA Sponsored ADR","ERYP","145.81","Medical","NSDQ"
"Esperion Therapeutics, Inc.","ESPR","1247.78","Medical","NSDQ"
"Establishment Labs Holdings Inc.","ESTA","534.19","Medical","NSDQ"
"Eton Pharmaceuticals, Inc.","ETON","128.54","Medical","NSDQ"
"Entasis Therapeutics Holdings Inc.","ETTX","75.85","Medical","NSDQ"
"Neothetics, Inc.","EVFM","89.5","Medical","NSDQ"
"Evogene Ltd.","EVGN","57.95","Medical","NSDQ"
"Evelo Biosciences, Inc.","EVLO","307.86","Medical","NSDQ"
"Evoke Pharma, Inc.","EVOK","54.2","Medical","NSDQ"
"Exact Sciences Corporation","EXAS","11311.72","Medical","NSDQ"
"Exelixis, Inc.","EXEL","6434.11","Medical","NSDQ"
"National Vision Holdings, Inc.","EYE","2599.66","Medical","NSDQ"
"Eyegate Pharmaceuticals, Inc.","EYEG","19.12","Medical","NSDQ"
"Eyenovia, Inc.","EYEN","56.09","Medical","NSDQ"
"Second Sight Medical Products, Inc.","EYES","60.06","Medical","NSDQ"
"EYEPOINT PHARMACEUTICALS, INC.","EYPT","258.01","Medical","NSDQ"
"Fate Therapeutics, Inc.","FATE","931.58","Medical","NSDQ"
"Fortress Biotech, Inc.","FBIO","121.86","Medical","NSDQ"
"Fibrocell Science Inc","FCSC","18.83","Medical","NSDQ"
"Adherex Technologies Inc.","FENC","140.07","Medical","NSDQ"
"FibroGen, Inc","FGEN","4845.45","Medical","NSDQ"
"Homology Medicines, Inc.","FIXX","908.9","Medical","NSDQ"
"Fluidigm Corporation","FLDM","424.69","Medical","NSDQ"
"FULGENT GENETIC","FLGT","80.45","Medical","NSDQ"
"Flex Pharma, Inc.","FLKS","6.04","Medical","NSDQ"
"Flexion Therapeutics, Inc.","FLXN","551.96","Medical","NSDQ"
"Amicus Therapeutics, Inc.","FOLD","2224.16","Medical","NSDQ"
"Foamix Pharmaceuticals Ltd.","FOMX","193.25","Medical","NSDQ"
"Fonar Corporation","FONR","142.15","Medical","NSDQ"
"Five Prime Therapeutics, Inc.","FPRX","417.43","Medical","NSDQ"
"Forty Seven, Inc.","FTSV","497.04","Medical","NSDQ"
"Five Star Quality Care, Inc.","FVE","49.66","Medical","NSDQ"
"Forward Pharma A/S","FWP","65.35","Medical","NSDQ"
"Galectin Therapeutics Inc.","GALT","231.6","Medical","NSDQ"
"Global Blood Therapeutics, Inc.","GBT","2649.73","Medical","NSDQ"
"Gemphire Therapeutics Inc.","GEMP","16.83","Medical","NSDQ"
"Genetic Technologies Ltd","GENE","13.8","Medical","NSDQ"
"Geron Corporation","GERN","272.07","Medical","NSDQ"
"Guardant Health, Inc.","GH","4641.86","Medical","NSDQ"
"Genomic Health, Inc.","GHDX","2942.94","Medical","NSDQ"
"Gilead Sciences, Inc.","GILD","85042.58","Medical","NSDQ"
"Galmed Pharmaceuticals Ltd.","GLMD","131.08","Medical","NSDQ"
"Galapagos NV","GLPG","5030.25","Medical","NSDQ"
"GlycoMimetics, Inc.","GLYC","505.57","Medical","NSDQ"
"Gamida Cell Ltd.","GMDA","339.11","Medical","NSDQ"
"Genocea Biosciences, Inc.","GNCA","47.38","Medical","NSDQ"
"GenMark Diagnostics, Inc.","GNMK","409.03","Medical","NSDQ"
"Aevi Genomic Medicine, Inc.","GNMX","13.32","Medical","NSDQ"
"GENPREX INC","GNPX","22.49","Medical","NSDQ"
"GOSSAMER BIO","GOSS","1423.71","Medical","NSDQ"
"Grifols, S.A.","GRFS","13256.04","Medical","NSDQ"
"Gritstone Oncology, Inc.","GRTS","365.01","Medical","NSDQ"
"G1 THERAPEUTICS","GTHX","755.97","Medical","NSDQ"
"GTx, Inc.","GTXI","25.5","Medical","NSDQ"
"GW Pharmaceuticals PLC","GWPH","4572.56","Medical","NSDQ"
"Restoration Robotics, Inc.","HAIR","35.06","Medical","NSDQ"
"Halozyme Therapeutics, Inc.","HALO","2430.02","Medical","NSDQ"
"HARPOON THERAPT","HARP","399.52","Medical","NSDQ"
"Hutchison China MediTech Limited","HCM","3458.08","Medical","NSDQ"
"HANCOCK JAFFE","HJLI","16.99","Medical","NSDQ"
"HMS Holdings Corp","HMSY","2960.24","Medical","NSDQ"
"Hologic, Inc.","HOLX","13680.15","Medical","NSDQ"
"HealthEquity, Inc.","HQY","5015.45","Medical","NSDQ"
"Imprimis Pharmaceuticals, Inc.","HROW","157.36","Medical","NSDQ"
"Heron Therapeutics, Inc.","HRTX","2117.44","Medical","NSDQ"
"Helius Medical Technologies, Inc.","HSDT","171.16","Medical","NSDQ"
"Histogenics Corporation","HSGX","8.06","Medical","NSDQ"
"Henry Schein, Inc.","HSIC","9075.16","Medical","NSDQ"
"Heska Corporation","HSKA","747.99","Medical","NSDQ"
"Heat Biologics, Inc.","HTBX","31.86","Medical","NSDQ"
"HTG Molecular Diagnostics, Inc.","HTGM","77.22","Medical","NSDQ"
"Horizon Pharma Public Limited Company","HZNP","3553.67","Medical","NSDQ"
"Integra LifeSciences Holdings Corporation","IART","4674.68","Medical","NSDQ"
"ImmuCell Corporation","ICCC","39.99","Medical","NSDQ"
"ICON PLC","ICLR","7852.02","Medical","NSDQ"
"Intercept Pharmaceuticals, Inc.","ICPT","2768.2","Medical","NSDQ"
"ICU Medical, Inc.","ICUI","5121.43","Medical","NSDQ"
"Idera Pharmaceuticals, Inc.","IDRA","77.47","Medical","NSDQ"
"Interpace Diagnostics Group, Inc.","IDXG","27.08","Medical","NSDQ"
"IDEXX Laboratories, Inc.","IDXX","17990.95","Medical","NSDQ"
"InflaRx N.V.","IFRX","750.29","Medical","NSDQ"
"Illumina, Inc.","ILMN","44255.82","Medical","NSDQ"
"IMAC HOLDINGS","IMAC","29.19","Medical","NSDQ"
"Immune Design Corp.","IMDZ","280.8","Medical","NSDQ"
"ImmunoGen, Inc.","IMGN","854.29","Medical","NSDQ"
"Prima BioMed Ltd","IMMP","54.51","Medical","NSDQ"
"Immunomedics, Inc.","IMMU","2835.47","Medical","NSDQ"
"IMMURON LTD","IMRN","28.86","Medical","NSDQ"
"IMV INC","IMV","237.23","Medical","NSDQ"
"Incyte Corporation","INCY","18162.48","Medical","NSDQ"
"Infinity Pharmaceuticals, Inc.","INFI","94.97","Medical","NSDQ"
"Inogen, Inc","INGN","3060.1","Medical","NSDQ"
"INMUNE BIO INC","INMB","79.7","Medical","NSDQ"
"INNOVATE BIOPHARMACEUTICALS, INC.","INNT","47.97","Medical","NSDQ"
"Inovio Pharmaceuticals, Inc.","INO","355.64","Medical","NSDQ"
"Insmed, Inc.","INSM","2196.29","Medical","NSDQ"
"Insys Therapeutics, Inc.","INSY","457.5","Medical","NSDQ"
"Innoviva, Inc.","INVA","1520.64","Medical","NSDQ"
"Ionis Pharmaceuticals, Inc.","IONS","8083.73","Medical","NSDQ"
"Lion Biotechnologies, Inc.","IOVA","1208.29","Medical","NSDQ"
"Intellipharmaceutics International Inc.","IPCI","7.42","Medical","NSDQ"
"iRadimed Corporation","IRMD","285.16","Medical","NSDQ"
"IRHYTHM TECH","IRTC","2305.75","Medical","NSDQ"
"Ironwood Pharmaceuticals, Inc.","IRWD","2195.33","Medical","NSDQ"
"Intuitive Surgical, Inc.","ISRG","63181.9","Medical","NSDQ"
"Intra-Cellular Therapies Inc.","ITCI","737.71","Medical","NSDQ"
"Iterum Therapeutics PLC","ITRM","78.31","Medical","NSDQ"
"Jaguar Animal Health, Inc.","JAGX","14.6","Medical","NSDQ"
"Jazz Pharmaceuticals PLC","JAZZ","7601.18","Medical","NSDQ"
"Jounce Therapeutics, Inc.","JNCE","141.92","Medical","NSDQ"
"The Joint Corp.","JYNT","150.11","Medical","NSDQ"
"Kala Pharmaceuticals, Inc.","KALA","303.15","Medical","NSDQ"
"KalVista Pharmaceuticals, Inc.","KALV","355.03","Medical","NSDQ"
"OrthoPediatrics Corp.","KIDS","490.92","Medical","NSDQ"
"Kindred Biosciences, Inc.","KIN","360.5","Medical","NSDQ"
"Kamada Ltd.","KMDA","242.38","Medical","NSDQ"
"KemPharm, Inc.","KMPH","56.88","Medical","NSDQ"
"Kiniksa Pharmaceuticals, Ltd.","KNSA","953.98","Medical","NSDQ"
"Kodiak Sciences Inc.","KOD","257.81","Medical","NSDQ"
"Cesca Therapeutics Inc.","KOOL","8.23","Medical","NSDQ"
"Karyopharm Therapeutics Inc.","KPTI","307.79","Medical","NSDQ"
"Krystal Biotech, Inc.","KRYS","325.66","Medical","NSDQ"
"Kitov Pharmaceuticals Holdings Ltd.","KTOV","17.96","Medical","NSDQ"
"Kura Oncology, Inc.","KURA","569.03","Medical","NSDQ"
"Novogen Limited","KZIA","16.65","Medical","NSDQ"
"Kezar Life Sciences, Inc.","KZR","387.7","Medical","NSDQ"
"Presbia PLC","LENS","8.15","Medical","NSDQ"
"Lifevantage Corporation","LFVN","218.69","Medical","NSDQ"
"Ligand Pharmaceuticals Incorporated","LGND","2537.3","Medical","NSDQ"
"LHC Group","LHCG","3482.51","Medical","NSDQ"
"aTyr Pharma, Inc.","LIFE","15.31","Medical","NSDQ"
"LivaNova PLC","LIVN","4809.1","Medical","NSDQ"
"La Jolla Pharmaceutical Company","LJPC","160.55","Medical","NSDQ"
"Lianluo Smart Limited","LLIT","25.06","Medical","NSDQ"
"LeMaitre Vascular, Inc.","LMAT","581","Medical","NSDQ"
"Luminex Corporation","LMNX","1163.54","Medical","NSDQ"
"Lantheus Holdings, Inc.","LNTH","922.84","Medical","NSDQ"
"LogicBio Therapeutics, Inc.","LOGC","210.01","Medical","NSDQ"
"Lipocine Inc.","LPCN","36.52","Medical","NSDQ"
"Leap Therapeutics, Inc.","LPTX","34.89","Medical","NSDQ"
"Liquidia Technologies, Inc.","LQDA","298.73","Medical","NSDQ"
"Lexicon Pharmaceuticals, Inc.","LXRX","583.65","Medical","NSDQ"
"Merrimack Pharmaceuticals, Inc.","MACK","82.19","Medical","NSDQ"
"Masimo Corporation","MASI","6830.12","Medical","NSDQ"
"Mustang Bio, Inc.","MBIO","119.96","Medical","NSDQ"
"Microbot Medical Inc.","MBOT","39.24","Medical","NSDQ"
"Moleculin Biotech, Inc.","MBRX","37.44","Medical","NSDQ"
"Seres Therapeutics, Inc.","MCRB","241.05","Medical","NSDQ"
"The Medicines Company","MDCO","1797.8","Medical","NSDQ"
"Madrigal Pharmaceuticals, Inc.","MDGL","1948.91","Medical","NSDQ"
"Allscripts Healthcare Solutions, Inc.","MDRX","1851.97","Medical","NSDQ"
"Medidata Solutions, Inc.","MDSO","4618.01","Medical","NSDQ"
"MediWound Ltd.","MDWD","130.1","Medical","NSDQ"
"Medpace Holdings, Inc.","MEDP","2491.64","Medical","NSDQ"
"MEI Pharma, Inc.","MEIP","199.93","Medical","NSDQ"
"Mesoblast Limited","MESO","418.12","Medical","NSDQ"
"Signal Genetics, Inc.","MGEN","89.43","Medical","NSDQ"
"Magellan Health, Inc.","MGLN","1762.85","Medical","NSDQ"
"MacroGenics, Inc.","MGNX","896.31","Medical","NSDQ"
"Magenta Therapeutics, Inc.","MGTA","311.3","Medical","NSDQ"
"MeiraGTx Holdings PLC","MGTX","349.46","Medical","NSDQ"
"STEALTH BIOTHER","MITO","73.9","Medical","NSDQ"
"Mesa Laboratories, Inc.","MLAB","910.37","Medical","NSDQ"
"OvaScience Inc.","MLND","142.96","Medical","NSDQ"
"Melinta Therapeutics, Inc.","MLNT","73.27","Medical","NSDQ"
"Merit Medical Systems, Inc.","MMSI","3268.11","Medical","NSDQ"
"MannKind Corporation","MNKD","248.97","Medical","NSDQ"
"Menlo Therapeutics Inc.","MNLO","190.27","Medical","NSDQ"
"MediciNova, Inc.","MNOV","364.37","Medical","NSDQ"
"Momenta Pharmaceuticals, Inc.","MNTA","1486.9","Medical","NSDQ"
"MorphoSys AG Unsponsored ADR","MOR","3090.29","Medical","NSDQ"
"Motus GI Holdings, Inc.","MOTS","67.47","Medical","NSDQ"
"MARKER THERAPEUTICS, INC.","MRKR","268.6","Medical","NSDQ"
"Moderna, Inc.","MRNA","6539.49","Medical","NSDQ"
"Marinus Pharmaceuticals, Inc.","MRNS","173.45","Medical","NSDQ"
"Mersana Therapeutics, Inc.","MRSN","169.23","Medical","NSDQ"
"Mirati Therapeutics, Inc.","MRTX","2612.54","Medical","NSDQ"
"Merus N.V.","MRUS","252.31","Medical","NSDQ"
"Medical Transcription Billing, Corp.","MTBC","53","Medical","NSDQ"
"Molecular Templates Inc.","MTEM","189.93","Medical","NSDQ"
"Mannatech, Incorporated","MTEX","46.57","Medical","NSDQ"
"Motif Bio Plc","MTFB","28.47","Medical","NSDQ"
"Midatech Pharma PLC","MTP","3.67","Medical","NSDQ"
"Myriad Genetics, Inc.","MYGN","2374.75","Medical","NSDQ"
"Mylan N.V.","MYL","16118.63","Medical","NSDQ"
"MyoKardia, Inc.","MYOK","1748.16","Medical","NSDQ"
"MYOS RENS Technology Inc.","MYOS","10.32","Medical","NSDQ"
"Natural Alternatives International, Inc.","NAII","85.76","Medical","NSDQ"
"Nanovibronix, Inc.","NAOV","15.01","Medical","NSDQ"
"Nature's Sunshine Products, Inc.","NATR","161.51","Medical","NSDQ"
"Neurocrine Biosciences, Inc.","NBIX","7166.69","Medical","NSDQ"
"Nabriva Therapeutics AG","NBRV","1386.53","Medical","NSDQ"
"NuCana PLC Sponsored ADR","NCNA","372.51","Medical","NSDQ"
"ENDRA Life Sciences Inc.","NDRA","11.87","Medical","NSDQ"
"NeoGenomics, Inc.","NEO","1773.78","Medical","NSDQ"
"Neogen Corporation","NEOG","3278.04","Medical","NSDQ"
"Neos Therapeutics, Inc.","NEOS","73.6","Medical","NSDQ"
"Neptune Technologies & Bioresources Inc","NEPT","293.36","Medical","NSDQ"
"Minerva Neurosciences, Inc","NERV","308.64","Medical","NSDQ"
"NantHealth, Inc.","NH","71.73","Medical","NSDQ"
"Nightstar Therapeutics PLC Sponsored ADR","NITE","398.74","Medical","NSDQ"
"NantKwest, Inc.","NK","93.49","Medical","NSDQ"
"Nektar Therapeutics","NKTR","6932.05","Medical","NSDQ"
"NewLink Genetics Corporation","NLNK","61.24","Medical","NSDQ"
"NOVAN INC","NOVN","29.97","Medical","NSDQ"
"NanoString Technologies, Inc.","NSTG","718.05","Medical","NSDQ"
"Intec Pharma Ltd.","NTEC","294.78","Medical","NSDQ"
"Neon Therapeutics, Inc.","NTGN","134.2","Medical","NSDQ"
"Intellia Therapeutics, Inc.","NTLA","587.89","Medical","NSDQ"
"Natera, Inc.","NTRA","1036.17","Medical","NSDQ"
"Neurotrope, Inc.","NTRP","35.59","Medical","NSDQ"
"NeuroMetrix, Inc.","NURO","7.76","Medical","NSDQ"
"NuVasive, Inc.","NUVA","3013.48","Medical","NSDQ"
"Novavax, Inc.","NVAX","735.07","Medical","NSDQ"
"Neovasc Inc.","NVCN","18.21","Medical","NSDQ"
"NovoCure Limited","NVCR","4955.79","Medical","NSDQ"
"InVivo Therapeutics Holdings Corp.","NVIV","13.4","Medical","NSDQ"
"Novelion Therapeutics Inc.","NVLN","24.23","Medical","NSDQ"
"Nuvectra Corporation","NVTR","246.35","Medical","NSDQ"
"Tokai Pharmaceuticals, Inc.","NVUS","41.93","Medical","NSDQ"
"NEXTGEN HEALTHCARE, INC","NXGN","1206.6","Medical","NSDQ"
"Nymox Pharmaceutical Corporation","NYMX","128.72","Medical","NSDQ"
"Oasmia Pharmaceutical AB","OASM","102.76","Medical","NSDQ"
"OBALON THERPTCS","OBLN","46.09","Medical","NSDQ"
"ObsEva SA","OBSV","450.71","Medical","NSDQ"
"Ocular Therapeutix, Inc.","OCUL","171.73","Medical","NSDQ"
"Odonate Therapeutics, Inc.","ODT","413.96","Medical","NSDQ"
"ORTHOFIX MEDICAL INC.","OFIX","1239.45","Medical","NSDQ"
"Ohr Pharmaceuticals, Inc.","OHRP","5.43","Medical","NSDQ"
"Omnicell, Inc.","OMCL","3415.36","Medical","NSDQ"
"OncoMed Pharmaceuticals, Inc.","OMED","34.54","Medical","NSDQ"
"Omeros Corporation","OMER","712.59","Medical","NSDQ"
"Spark Therapeutics, Inc.","ONCE","1946.24","Medical","NSDQ"
"OncoSec Medical Incorporated","ONCS","38.65","Medical","NSDQ"
"Oncolytics Biotech Inc.","ONCY","36.02","Medical","NSDQ"
"Onconova Therapeutics, Inc.","ONTX","20.94","Medical","NSDQ"
"Organovo Holdings, Inc.","ONVO","135.03","Medical","NSDQ"
"OpGen, Inc.","OPGN","12.58","Medical","NSDQ"
"Ophthotech Corporation","OPHT","56.95","Medical","NSDQ"
"OPKO Health, Inc.","OPK","1647.59","Medical","NSDQ"
"Opiant Pharmaceuticals, Inc.","OPNT","56.67","Medical","NSDQ"
"OptiNose, Inc.","OPTN","301.38","Medical","NSDQ"
"Orgenesis Inc.","ORGS","81.23","Medical","NSDQ"
"Oramed Pharmaceuticals Inc.","ORMP","55.09","Medical","NSDQ"
"Bio Blast Pharma Ltd.","ORPN","4.71","Medical","NSDQ"
"Orchard Therapeutics PLC Sponsored ADR","ORTX","1326.14","Medical","NSDQ"
"Osiris Therapeutics, Inc.","OSIR","589.7","Medical","NSDQ"
"OSMOTICA PHARM","OSMT","367.86","Medical","NSDQ"
"OraSure Technologies, Inc.","OSUR","710.8","Medical","NSDQ"
"Otonomy, Inc.","OTIC","65.55","Medical","NSDQ"
"Oncobiologics, Inc.","OTLK","103.04","Medical","NSDQ"
"OVID THERAPEUTC","OVID","46.6","Medical","NSDQ"
"Oxford Immunotec Global PLC","OXFD","434.69","Medical","NSDQ"
"Pacific Biosciences of California, Inc.","PACB","1102.71","Medical","NSDQ"
"Phibro Animal Health Corporation","PAHC","1233.69","Medical","NSDQ"
"PAVmed Inc.","PAVM","26.51","Medical","NSDQ"
"Puma Biotechnology, Inc.","PBYI","1017.44","Medical","NSDQ"
"Pacira Pharmaceuticals, Inc.","PCRX","1632.64","Medical","NSDQ"
"Patterson Companies, Inc.","PDCO","2126.97","Medical","NSDQ"
"Pro-Dex, Inc.","PDEX","61.2","Medical","NSDQ"
"PDL BioPharma, Inc.","PDLI","526.97","Medical","NSDQ"
"PetIQ, Inc.","PETQ","836.78","Medical","NSDQ"
"Aratana Therapeutics, Inc.","PETX","207.62","Medical","NSDQ"
"Progenics Pharmaceuticals Inc.","PGNX","377.06","Medical","NSDQ"
"PHASEBIO PHARMA","PHAS","75.21","Medical","NSDQ"
"RXi Pharmaceuticals Corporation","PHIO","6.81","Medical","NSDQ"
"Premier, Inc.","PINC","4758.96","Medical","NSDQ"
"Pieris Pharmaceuticals, Inc.","PIRS","166.78","Medical","NSDQ"
"Pulse Biosciences, Inc","PLSE","375.16","Medical","NSDQ"
"Dipexium Pharmaceuticals, Inc.","PLXP","41.47","Medical","NSDQ"
"Psychemedics Corporation","PMD","102.05","Medical","NSDQ"
"Insulet Corporation","PODD","5175.15","Medical","NSDQ"
"PRA Health Sciences, Inc.","PRAH","7415.6","Medical","NSDQ"
"Prana Biotechnology Ltd","PRAN","15.04","Medical","NSDQ"
"Principia Biopharma Inc.","PRNB","750.67","Medical","NSDQ"
"ProPhase Labs, Inc.","PRPH","34.65","Medical","NSDQ"
"Transgenomic, Inc.","PRPO","5.17","Medical","NSDQ"
"ProQR Therapeutics N.V.","PRQR","485.89","Medical","NSDQ"
"Prothena Corporation plc","PRTA","534.58","Medical","NSDQ"
"Paratek Pharmaceuticals, Inc.","PRTK","230.13","Medical","NSDQ"
"Proteon Therapeutics, Inc.","PRTO","57.66","Medical","NSDQ"
"Provention Bio, Inc.","PRVB","81.97","Medical","NSDQ"
"Pluristem Therapeutics, Inc.","PSTI","118.03","Medical","NSDQ"
"PTC Therapeutics, Inc.","PTCT","1888.32","Medical","NSDQ"
"Majesco Entertainment Company","PTE","269.16","Medical","NSDQ"
"Protagonist Therapeutics, Inc.","PTGX","194.21","Medical","NSDQ"
"Proteostasis Therapeutics, Inc.","PTI","148.26","Medical","NSDQ"
"Pain Therapeutics","PTIE","19.29","Medical","NSDQ"
"Portola Pharmaceuticals, Inc.","PTLA","2060.12","Medical","NSDQ"
"Pernix Therapeutics Holdings, Inc.","PTX","4.64","Medical","NSDQ"
"Pulmatrix, Inc.","PULM","6.9","Medical","NSDQ"
"Quidel Corporation","QDEL","2672.14","Medical","NSDQ"
"Quotient Limited","QTNT","671.12","Medical","NSDQ"
"Quanterix Corporation","QTRX","524.98","Medical","NSDQ"
"uniQure N.V.","QURE","1550.81","Medical","NSDQ"
"Ultragenyx Pharmaceutical Inc.","RARE","3067.51","Medical","NSDQ"
"RA PHARMCTL INC","RARX","626.58","Medical","NSDQ"
"Inotek Pharmaceuticals Corporation","RCKT","645.57","Medical","NSDQ"
"Redhill Biopharma Ltd.","RDHL","165.08","Medical","NSDQ"
"RadNet, Inc.","RDNT","684.61","Medical","NSDQ"
"Radius Health, Inc.","RDUS","873.46","Medical","NSDQ"
"Regeneron Pharmaceuticals, Inc.","REGN","46171.29","Medical","NSDQ"
"Recro Pharma, Inc.","REPH","182.86","Medical","NSDQ"
"Replimune Group, Inc.","REPL","412.99","Medical","NSDQ"
"Reata Pharmaceuticals, Inc.","RETA","2667.69","Medical","NSDQ"
"Repligen Corporation","RGEN","2582.42","Medical","NSDQ"
"Regulus Therapeutics Inc.","RGLS","9.28","Medical","NSDQ"
"REGENXBIO Inc.","RGNX","1666.56","Medical","NSDQ"
"Rigel Pharmaceuticals, Inc.","RIGL","391.6","Medical","NSDQ"
"Rockwell Medical, Inc.","RMTI","248.99","Medical","NSDQ"
"RTI Surgical, Inc.","RTIX","299.53","Medical","NSDQ"
"Retrophin, Inc.","RTRX","848.47","Medical","NSDQ"
"Ritter Pharmaceuticals, Inc.","RTTR","3.5","Medical","NSDQ"
"Rubius Therapeutics, Inc.","RUBY","1142.19","Medical","NSDQ"
"Revance Therapeutics, Inc.","RVNC","648.4","Medical","NSDQ"
"ReWalk Robotics Ltd","RWLK","19.4","Medical","NSDQ"
"Rhythm Pharmaceuticals, Inc.","RYTM","946.99","Medical","NSDQ"
"Sage Therapeutics, Inc.","SAGE","7250.91","Medical","NSDQ"
"Strongbridge Biopharma PLC","SBBP","221.87","Medical","NSDQ"
"Stellar Biotechnologies, Inc.","SBOT","6.18","Medical","NSDQ"
"Spring Bank Pharmaceuticals, Inc.","SBPH","164.83","Medical","NSDQ"
"scPharmaceuticals, Inc.","SCPH","59.79","Medical","NSDQ"
"SCYNEXIS, Inc.","SCYX","63.32","Medical","NSDQ"
"Apricus Biosciences, Inc","SEEL","14","Medical","NSDQ"
"Selecta Biosciences, Inc.","SELB","50.34","Medical","NSDQ"
"SESEN BIO, INC.","SESN","62.89","Medical","NSDQ"
"Seattle Genetics, Inc.","SGEN","11436.76","Medical","NSDQ"
"Sangamo Therapeutics, Inc.","SGMO","901.48","Medical","NSDQ"
"Surgery Partners, Inc.","SGRY","648.8","Medical","NSDQ"
"Synergy Pharmaceuticals, Inc.","SGYP","71.93","Medical","NSDQ"
"Si-Bone Inc.","SIBN","498.4","Medical","NSDQ"
"Sientra, Inc.","SIEN","302.01","Medical","NSDQ"
"Siga Technologies Inc.","SIGA","548.66","Medical","NSDQ"
"SINTX TECHNOLOGIES, INC.","SINT","5.67","Medical","NSDQ"
"Solid Biosciences Inc.","SLDB","317.47","Medical","NSDQ"
"Sol-Gel Technologies Ltd.","SLGL","132.46","Medical","NSDQ"
"Capnia, Inc.","SLNO","36.23","Medical","NSDQ"
"Galena Biopharma, Inc.","SLS","30.84","Medical","NSDQ"
"Summit Therapeutics PLC","SMMT","18.6","Medical","NSDQ"
"Syndax Pharmaceuticals, Inc.","SNDX","156.72","Medical","NSDQ"
"Senestech, Inc.","SNES","21.58","Medical","NSDQ"
"Soligenix Inc.","SNGX","14.87","Medical","NSDQ"
"Sienna Biopharmaceuticals, Inc.","SNNA","51.79","Medical","NSDQ"
"Sonoma Pharmaceuticals, Inc.","SNOA","10.77","Medical","NSDQ"
"Sunesis Pharmaceuticals, Inc.","SNSS","20.02","Medical","NSDQ"
"Sanofi","SNY","103283.06","Medical","NSDQ"
"Sophiris Bio, Inc.","SPHS","33.59","Medical","NSDQ"
"SeaSpine Holdings Corporation","SPNE","331.74","Medical","NSDQ"
"Spectrum Pharmaceuticals, Inc.","SPPI","1261.57","Medical","NSDQ"
"Spero Therapeutics, Inc.","SPRO","197.7","Medical","NSDQ"
"Surmodics, Inc.","SRDX","764.29","Medical","NSDQ"
"Sorrento Therapeutics, Inc.","SRNE","256.79","Medical","NSDQ"
"Sarepta Therapeutics, Inc.","SRPT","9354.02","Medical","NSDQ"
"ProNAi Therapeutics, Inc.","SRRA","128.65","Medical","NSDQ"
"Scholar Rock Holding Corporation","SRRK","468.65","Medical","NSDQ"
"Sensus Healthcare, Inc.","SRTS","124.66","Medical","NSDQ"
"Strata Skin Sciences, Inc.","SSKN","94.62","Medical","NSDQ"
"STAAR Surgical Company","STAA","1609.05","Medical","NSDQ"
"Neuronetics, Inc.","STIM","283.9","Medical","NSDQ"
"Stemline Therapeutics, Inc.","STML","368.89","Medical","NSDQ"
"Streamline Health Solutions, Inc.","STRM","22.14","Medical","NSDQ"
"Sutro Biopharma, Inc.","STRO","243.1","Medical","NSDQ"
"Supernus Pharmaceuticals, Inc.","SUPN","1920.44","Medical","NSDQ"
"Surface Oncology, Inc.","SURF","121.8","Medical","NSDQ"
"Sinovac Biotech, Ltd.","SVA","368.91","Medical","NSDQ"
"Mast Therapeutics, Inc.","SVRA","237.47","Medical","NSDQ"
"China SXT Pharmaceuticals, Inc.","SXTC","113.18","Medical","NSDQ"
"Synlogic, Inc.","SYBX","245.83","Medical","NSDQ"
"INC Research Holdings, Inc.","SYNH","5749.69","Medical","NSDQ"
"Syros Pharmaceuticals, Inc.","SYRS","222.12","Medical","NSDQ"
"Translate Bio, Inc.","TBIO","392.74","Medical","NSDQ"
"Theravance Biopharma, Inc.","TBPH","1403.01","Medical","NSDQ"
"Tricida, Inc.","TCDA","947.83","Medical","NSDQ"
"Tactile Systems Technology, Inc.","TCMD","1376.05","Medical","NSDQ"
"TRACON Pharmaceuticals, Inc.","TCON","30.77","Medical","NSDQ"
"TCR2 THERAPTCS","TCRR","371.74","Medical","NSDQ"
"Bio-Techne Corp","TECH","7363.24","Medical","NSDQ"
"Tenax Therapeutics, Inc.","TENX","1.82","Medical","NSDQ"
"TG Therapeutics, Inc.","TGTX","395.42","Medical","NSDQ"
"Synthorx, Inc.","THOR","553.3","Medical","NSDQ"
"Taiwan Liposome Company, Ltd. Unsponsored ADR","TLC","191.49","Medical","NSDQ"
"Teligent, Inc.","TLGT","82.81","Medical","NSDQ"
"Tilray, Inc.","TLRY","7366.48","Medical","NSDQ"
"Tiziana Life Sciences PLC Sponsored ADR","TLSA","74.5","Medical","NSDQ"
"Titan Medical Inc.","TMDI","81.5","Medical","NSDQ"
"Tandem Diabetes Care, Inc.","TNDM","2772.07","Medical","NSDQ"
"Tonix Pharmaceuticals Holding Corp.","TNXP","2.94","Medical","NSDQ"
"TOCAGEN INC","TOCA","217.89","Medical","NSDQ"
"resTORbio, Inc.","TORC","226.12","Medical","NSDQ"
"Tabula Rasa Healthcare Inc.","TRHC","1187.03","Medical","NSDQ"
"Trinity Biotech PLC","TRIB","75.97","Medical","NSDQ"
"Trillium Therapeutics Inc.","TRIL","10.72","Medical","NSDQ"
"TrovaGene, Inc.","TROV","12.07","Medical","NSDQ"
"Therapix Biosciences Ltd.","TRPX","14.55","Medical","NSDQ"
"Trevena, Inc.","TRVN","121.01","Medical","NSDQ"
"Titan Pharmaceuticals, Inc.","TTNP","18.72","Medical","NSDQ"
"T2 Biosystems, Inc.","TTOO","169.11","Medical","NSDQ"
"Tetraphase Pharmaceuticals, Inc.","TTPH","64.35","Medical","NSDQ"
"Healthways, Inc.","TVTY","891.94","Medical","NSDQ"
"Twist Bioscience Corporation","TWST","599.02","Medical","NSDQ"
"TherapeuticsMD, Inc.","TXMD","1284.56","Medical","NSDQ"
"Shineco Inc.","TYHT","11.03","Medical","NSDQ"
"Tyme Technologies, Inc.","TYME","308.99","Medical","NSDQ"
"UNITY Biotechnology, Inc.","UBX","427.46","Medical","NSDQ"
"United-Guardian, Inc.","UG","91.79","Medical","NSDQ"
"Unum Therapeutics Inc.","UMRX","127.15","Medical","NSDQ"
"UROGEN PHARMA","URGN","568.47","Medical","NSDQ"
"Urovant Sciences Ltd.","UROV","340.53","Medical","NSDQ"
"United Therapeutics Corporation","UTHR","5156.34","Medical","NSDQ"
"Utah Medical Products, Inc.","UTMD","332.27","Medical","NSDQ"
"VBI Vaccines, Inc.","VBIV","165.04","Medical","NSDQ"
"Vascular Biogenics Ltd.","VBLT","50.59","Medical","NSDQ"
"Vericel Corporation","VCEL","848.3","Medical","NSDQ"
"Vaccinex, Inc.","VCNX","55.2","Medical","NSDQ"
"Veracyte, Inc.","VCYT","797.81","Medical","NSDQ"
"Female Health Company (The)","VERU","81.62","Medical","NSDQ"
"Vical Incorporated","VICL","22.9","Medical","NSDQ"
"Viveve Medical, Inc.","VIVE","32.8","Medical","NSDQ"
"Meridian Bioscience Inc.","VIVO","732.94","Medical","NSDQ"
"Viking Therapeutics, Inc.","VKTX","587.4","Medical","NSDQ"
"Valeritas Holdings, Inc.","VLRX","10.99","Medical","NSDQ"
"Vanda Pharmaceuticals Inc.","VNDA","1094.97","Medical","NSDQ"
"ViewRay, Inc.","VRAY","789.77","Medical","NSDQ"
"Verrica Pharmaceuticals Inc.","VRCA","278.03","Medical","NSDQ"
"VAREX IMAGING","VREX","1231.62","Medical","NSDQ"
"Vermillion, Inc.","VRML","56.31","Medical","NSDQ"
"Verona Pharma PLC American Depositary Share","VRNA","75.33","Medical","NSDQ"
"Vertex Pharmaceuticals Incorporated","VRTX","47490.84","Medical","NSDQ"
"Verastem, Inc.","VSTM","236.13","Medical","NSDQ"
"VistaGen Therapeutics, Inc.","VTGN","42.95","Medical","NSDQ"
"Vital Therapies, Inc.","VTL","8.94","Medical","NSDQ"
"vTv Therapeutics Inc.","VTVT","97.38","Medical","NSDQ"
"VIVUS, Inc.","VVUS","52.94","Medical","NSDQ"
"VAXART, INC.","VXRT","13.5","Medical","NSDQ"
"Voyager Therapeutics, Inc.","VYGR","427.15","Medical","NSDQ"
"Wright Medical Group N.V.","WMGI","3935.08","Medical","NSDQ"
"WAVE Life Sciences Ltd.","WVE","1109.03","Medical","NSDQ"
"Xenetic Biosciences, Inc.","XBIO","20.4","Medical","NSDQ"
"XBiotech Inc.","XBIT","304.83","Medical","NSDQ"
"Xenon Pharmaceuticals Inc.","XENE","197.88","Medical","NSDQ"
"Intersect ENT, Inc.","XENT","1056.9","Medical","NSDQ"
"Xeris Pharmaceuticals, Inc.","XERS","205.8","Medical","NSDQ"
"Acceleron Pharma Inc.","XLRN","1974.16","Medical","NSDQ"
"Xencor, Inc.","XNCR","1778.68","Medical","NSDQ"
"XOMA Corporation","XOMA","121.03","Medical","NSDQ"
"Intrexon Corporation","XON","1134.83","Medical","NSDQ"
"DENTSPLY SIRONA Inc.","XRAY","9264.67","Medical","NSDQ"
"FORM Holdings Corp.","XSPA","4.74","Medical","NSDQ"
"XTL Biopharmaceuticals Ltd.","XTLB","12.79","Medical","NSDQ"
"111, Inc. Sponsored ADR","YI","655.61","Medical","NSDQ"
"Y-mAbs Therapeutics, Inc.","YMAB","763.55","Medical","NSDQ"
"Zealand Pharma A/S","ZEAL","445.33","Medical","NSDQ"
"Zafgen, Inc.","ZFGN","178.46","Medical","NSDQ"
"Zogenix, Inc.","ZGNX","2054.75","Medical","NSDQ"
"ZIOPHARM Oncology Inc","ZIOP","431.41","Medical","NSDQ"
"Zai Lab Limited Unsponsored ADR","ZLAB","1654.83","Medical","NSDQ"
"Zosano Pharma Corporation","ZSAN","54.36","Medical","NSDQ"
"Zynerba Pharmaceuticals, Inc.","ZYNE","90.25","Medical","NSDQ"
"Zynex Inc.","ZYXI","181","Medical","NSDQ"
